insert  into `app`(`id`,`app_secret`,`rsa_public_key`,`rsa_private_key`,`access_party_metadata`,`service_party_metadata`,`type`,`enabled`,`description`,`create_time`) values
('AUTH640873748718817280','878642986163775549156500','MIIBIjANBgkqhkiG9w0BAQEFAAOCAQ8AMIIBCgKCAQEAka6v27wYogcKrIr7ZyFBs1ZDnKYMFV27JFZNSxWxU0lyONu295SkQBkvgANZfqnPV8CbeXEERR06ON5uOrbF7xQVV1WTMDe+Kq7Z75PdsAdCO6UqKbfl2oBZ5tBDw3tI6Oi3dILHjtMNyAUIB8YTH5LIOuvEI8YEfZ4o4eHs4qCdleUvyWHYn9Se20iKh76qijZUoGyV99nyBtSklviEDSiu31o4CaNoc+Yjm5AuYnektfIDPUQYHn0pSccMYvv5Sag8slPnwdMl3RGT89g+oy8ne6WVbJabmkLvdkWrdcxf2baA0wNXSStn/PKG/xzu3CtqL4L6Vz2jTxBe96VH8QIDAQAB','MIIEvwIBADANBgkqhkiG9w0BAQEFAASCBKkwggSlAgEAAoIBAQCRrq/bvBiiBwqsivtnIUGzVkOcpgwVXbskVk1LFbFTSXI427b3lKRAGS+AA1l+qc9XwJt5cQRFHTo43m46tsXvFBVXVZMwN74qrtnvk92wB0I7pSopt+XagFnm0EPDe0jo6Ld0gseO0w3IBQgHxhMfksg668QjxgR9nijh4ezioJ2V5S/JYdif1J7bSIqHvqqKNlSgbJX32fIG1KSW+IQNKK7fWjgJo2hz5iObkC5id6S18gM9RBgefSlJxwxi+/lJqDyyU+fB0yXdEZPz2D6jLyd7pZVslpuaQu92Rat1zF/ZtoDTA1dJK2f88ob/HO7cK2ovgvpXPaNPEF73pUfxAgMBAAECggEBAIusgmsYcj2WpsM7FUKRfh5lTLm58cfib/Ss0bp1d+g0eNDOxyOkXb4e543CqGFqiaLGxcmvc7qYBSRVDjY42pkYFkX/g/ks2KSvs7+hc2C79OKevkf1SuktOgS0FOQtJYA47vtED/R9oa7uM/7QB7Gz10m2lfz+c3vE0cmQBMBab6WnQlkEAHyd40l8J4/xtMj2UnPM/d3UYCNjVhGRCwfql5qVdO2XIj/m4V+SNbsP33MZHwZStiWVQ7zfTTm4jLK/1Bh4Ohw1Y7Pb8e9T9cYqm5Las06ZcsqDPDCX/oqCLW9pgYYTYn4yVwmPJ8Y8/Asgs9DDq/O2O2HhfamFDAECgYEAw2eOShLmPQsAbK3b6CT6kh0mMFoO+Oy/Gkou62e29VjbkUKaH2iZsSdfbxJUKG9UylBjX3BytwP5UuDhKmBDtewl2X2+VhT48co3VSgldJzyPz7qd9yeZi14rN45oHZ9Pn+lbvdA86+ElrFuk4EjldYkLbvqdYe+RtrI9Xg1/mECgYEAvtvflm91oPkeWOrxgcRjMOa5HlvMYoi8myExetAJb8TT7Pgp34+oNEBSxy+gqusN80MHpNZR74E4c2fNRiznvhNhdMfI5uXrA5fo+oGnYHgBTWLdVIbMqnQGms9PIflRKulgu79NHTtatLoW1GqV86XuNVkn+Cu0ZR2VgCePE5ECgYEAwGuBWsAxqXrj+CFco8WGWcwKhyKoC8hWh3T1ryp6qC/QR8LmMne2oRS8jYvnA8peHLv8n0cEL+Th6BM6p5gUFVluDDYe8HXGj5Mp2dmmyKakhlNWYKIH+WZdpx1Ocg08WAcqyZMBivYUArDGysooWKx/A+pAf2wkm3Fm4xJ1WQECgYBSXF2i9FxFZ9thsZkgT5giTR5LbH/JcYo6Q1uvzMCVu9FcLEcdk0eZrLxL+lCSETcG58EPr/DRsuiiXIPnqY8jpgdjNqeKhGMjPNWr7HFHHuIo++XZCQae88y514Ylego9w1IcEtR7LdbZsIgTiB9Hci5WVS/7VxjUnaybDfcfEQKBgQCFNaYX60/YtU6ojMEkCAGZQaaVKT98MBvA4sativ0CA6EvUQgxTXeaQexHefLTkQZcXAjgAiEc5dvRQvMJqJr2Fir29RxRcSdTgM9utzejBbwWEozhcNJLhIs35Sy3CH1xlIs0ME0F6h6k1ie0bX6xB4rxi11oVnhIrgRBbzI6MQ==',NULL,NULL,1,1,'平台认证服务','2019-11-04 11:23:28'),
('JOB0640875180528373760','634740256807569915329426','MIIBIjANBgkqhkiG9w0BAQEFAAOCAQ8AMIIBCgKCAQEAkqKghfOE1MW9xHPlPf42hwC2YLgK1NvYKgBW3D99ys1/YxGhVP1gQvJjsAU5WPm8GyBO9OBy9gdYk3NGbaMirIgAPf1B40Zh2Ycrri7X0drWfJtGA1DlyygOOoIm1OoYSQnTobalpk96L6JC29XjJKibxQ4OG5F/vTDqt0tXgZU1IkSDWScyHxyCz+8LaOsxv1cPMJz8wk/2sR+dNf11HrQbt4NPsKdoPQsRZdH7wKxsqTsoe2jOfIjlX4sjO2RIbTeUjHHuIEfQDfJ8sYBSz1oCpv1k0RQYRE+51XyQKm7HWHw9ESdk/p7x7e5jQdgyVInrRGlqGSgBacWYGazqWwIDAQAB','MIIEvAIBADANBgkqhkiG9w0BAQEFAASCBKYwggSiAgEAAoIBAQCSoqCF84TUxb3Ec+U9/jaHALZguArU29gqAFbcP33KzX9jEaFU/WBC8mOwBTlY+bwbIE704HL2B1iTc0ZtoyKsiAA9/UHjRmHZhyuuLtfR2tZ8m0YDUOXLKA46gibU6hhJCdOhtqWmT3ovokLb1eMkqJvFDg4bkX+9MOq3S1eBlTUiRINZJzIfHILP7wto6zG/Vw8wnPzCT/axH501/XUetBu3g0+wp2g9CxFl0fvArGypOyh7aM58iOVfiyM7ZEhtN5SMce4gR9AN8nyxgFLPWgKm/WTRFBhET7nVfJAqbsdYfD0RJ2T+nvHt7mNB2DJUietEaWoZKAFpxZgZrOpbAgMBAAECggEAdnIbDFiasWxRT4D2ac8QqJhwuUuwpCQ5RiQkBaDbsZexEItLMGXC/hDhaWuu2SpRQfAlFzS+Z/GjIOf6udEOzyLEX05VjIpru9St+fMorgEBRIIAWelc1W+znptHVrEJkOX5JyVsRRzp69Q8AWuSISh5OwGRb79l2aLL1edr9eUhZ67KqhrPCXWfVyaTeLIz0kKR3qliwFvxoGnTKgbW+ANM5C23CUlKhA/Ekqx54Hv3mbhzWA0XaRyqmLhrHKmv+h0Y1MdjvCVUdSzRQ7sJYU0zGDrZkwXZCDDVVyj4L6jRQuqaJsGXcMvQdObmJbdUMZ1n0LonoaWuh96Di/W0gQKBgQDIdG3f32nJd3jIcAIx8pZOFzKtk8jKI4BEhmCan6OiU0jkJpSWhCNm8ZmY4D/4GovIqGKmzKN+QQTDDy4G69X1KcYodzTmZV/UBojiL0NgbWCe8WbM4Ue6svY2d1tuH4sXnQilwOpDq0Y5PQ+wHVRqxx2/9ot9x85iC1NmoynjIQKBgQC7RGz7vC1h00jjO96ZnP2tWRfu5oB0EeatDIZWBpTG+L+s8b5DJTi7MomKYhvfM4w37HUibH0Rh6k3eoIOqKXQj6kUBdcKK2vnR95AbwJhHL3M31TgFBbbSjcLpsqVjGrh8HP7gW4lNjMfHFNV1jwQePCYwhAPNtVo3wG+R80Z+wKBgDveumphGgF4U3TaL22nnMjaGOLK/u+QxuCwme3UvFThNyYdd8e007YNdui4IaMCmrllwYE8IaC13qw7vm2GxrKgtXSklgIySPrUsNGNeDw2ruMKCsAqkPfsN6lw4Lf1Z9+3oTuQcOehIio6WJMrT2lM60/IXUVGBhg2dcRz+zDBAoGATCCq9UMwZ75OuSGTgnsRnTDEy/ekbIsCbYLT8ZDHVoO02AeGQyGUiHUo+LqdfgUkkW9sxsu3pDK0FbuVt4PTtI9SOrONEbNJMEJFFYiLPRNEDU8U3+sKx6bJ7dCmNllY8fSgEbQyJKp96b3IGvL2g/PGSzNI+AZghztxJ/tkY5UCgYBHwX8H8T5Vkslj7Tzc1PWaNNbaD4tyiypvRwPcaA+B0/k0ufuLdqwvegV5A03AvgEzlRAYn4NosU+YsR6zD5VC1jto1IAhkHK0H18goCyK6Nn2TfJY44f4N1j4ru5avnyLpMsAN4/p44sG1Q28UYC9jLFmHLRFgq9OwsGbElTMDw==',NULL,NULL,1,1,'任务调度服务','2019-11-04 11:29:10'),
('TEMP640875780695527424','205277695118234348889665','MIIBIjANBgkqhkiG9w0BAQEFAAOCAQ8AMIIBCgKCAQEAnYo3mYdMLtTFrh0GoNjZ/EvqQe2idXmqW4JI4KwPq8baC/tQjPLg8qA1gqRiIAgdDUiK9a/6KSYYnU84eNAmRPueG6wdS+ZQKi5jo5KaWChRO82PcOaG4bQLj+Svbtg4q4Jg9vN+yWwG+5KEmpF1YUcI1IIfwLENAo5PzDGomNt818jDNGH2RrDlxhh2T7qmHPHRuCbcJBpNz1qWr0Va39H/Ts/zNHMEE0Jni3b3xYKd57QUPm4u9aAdkaE4m2Ibr844XcHUdZnXZ2vTij2SQItsvR9ctGVwwVEQ0eRAMQ+W3EYlEP8dB9nB+Br7gJBd3WUHobMJYZlWYtXoZzHkEwIDAQAB','MIIEvQIBADANBgkqhkiG9w0BAQEFAASCBKcwggSjAgEAAoIBAQCdijeZh0wu1MWuHQag2Nn8S+pB7aJ1eapbgkjgrA+rxtoL+1CM8uDyoDWCpGIgCB0NSIr1r/opJhidTzh40CZE+54brB1L5lAqLmOjkppYKFE7zY9w5obhtAuP5K9u2DirgmD2837JbAb7koSakXVhRwjUgh/AsQ0Cjk/MMaiY23zXyMM0YfZGsOXGGHZPuqYc8dG4JtwkGk3PWpavRVrf0f9Oz/M0cwQTQmeLdvfFgp3ntBQ+bi71oB2RoTibYhuvzjhdwdR1mddna9OKPZJAi2y9H1y0ZXDBURDR5EAxD5bcRiUQ/x0H2cH4GvuAkF3dZQehswlhmVZi1ehnMeQTAgMBAAECggEBAIr0F5heQu7nkzjAt1D2FEc5enUOMgYl+wHdx4QLn4Lm0PpSf7jinVDDyI7jiP0xytYljxOnVSIoTPurnWbKSYb83HcR94Ezsq+R3Sawr1xkq0nxRLzTSFMZqD0R+z7sjgeQ5w/Ks6DbnMkWccmX1Q2pRvuRjoo6X/xKI846Wrf/NFHSvxHl37dJAfGMlQZbNIrv9vtt3FFFYSzIjdzwPUzcH6/3G4EhO++dwFj9dwm9FxBgNTRVd9e51n6SnLTBW2k2WipMVP9Y8578U1wWTzLESKiYXa0SKnKduOQxtXLm/LWvXIibchXOcZIAp+0N98QeAkZKRAoApAhPVYN3m2ECgYEA3r9dLVX6rRWeBFmjho2EOoafVPcPs7NsIWfzjDrG2OAVA3uQ2fo0s6MZz/6sdw0diU0fuzRegRYNYmgTDinmllJImUQPXcHqIeTM+HtA/eDi3kp5jFjCpjUisyoeLpfiunnnBNvbWQeW+jPHaR7I74hQIl07SzRgO82V6eBOkMMCgYEAtQ7YW9iCVoe6ATb2/t16nRKaIokrkQOZTJGXYah23ONtnojauGpbl4lvN2L+c32so9fTs7SQA0VQkMu05vmg+BsEeZmPUh4zaev4Y4tWLxE05AGPqjPyXi7gexR0kbwyARl4gXB/V+HpxoL4rGSUE6eaLfH7K+Mg0RkcxO/sKnECgYBZcIdua8ai9zoizwdtQKemhGW3zRhd9J5nb4EIfpVXgeqOInCQRfohY007CiygBQEmH3StS6LivEMVj2qPVl3DYDjMadqtr+5eO6vd3kfDaShPT6Isq3tFF7LeM/w4gz5D2Czd85XI0tZZkq7wU68lFxvuIHdthBNcD/mxFiMV1wKBgHYHAV+OGhkSTVyxWf32nxF5qOTOionz0KErX4WX7jQ8RZ9NE1eYbbCxNMDkVX8v87Sy4xyInkCjlMtvH7RaEmbqJdanFdiwO0/XNYqesEXqb5Iaum53go2G/Wr+gKboCajR0859aWX+rQhtJHIs9qKBZW6CCfwoCaKFPk3bIRbhAoGAcJpyyFmtEhCGA3Piiz60EyjWBvKBlKJ6oEt7mjvKDKjB9KyUgG43gmDR8MDDgSEFHHnyj3QdjcPnVwiRLoK9djA7BOAFebF4Tw40bjH5K05TVN4CNw+62fqZTr/nba2SOx1XZjVUD6wzy3cO7PvCpByqlpSnNiDde44nXJVuOVY=',NULL,NULL,1,1,'脚手架服务项目','2019-11-04 11:31:33');



insert  into `app_route`(`id`,`app_id`,`route_id`,`is_debug`,`enabled`,`create_time`) values
('AUTH640873751315091456','AUTH640873748718817280','auth-basic-server',0,1,'2019-11-04 11:23:28'),
('JOB0640875184059977728','JOB0640875180528373760','job-server',0,1,'2019-11-04 11:29:10'),
('TEMP640875782561992704','TEMP640875780695527424','template-server',0,1,'2019-11-04 11:31:33');



insert  into `app_security_config`(`id`,`app_id`,`path`,`is_verify_signature`,`is_verify_token`,`enabled`,`description`,`create_time`) values
('AUTH640873751734521856','AUTH640873748718817280','/auth/**',1,1,1,'平台认证服务','2019-11-04 11:23:28'),
('JOB0640875184462630912','JOB0640875180528373760','/job/**',1,1,1,'任务调度服务','2019-11-04 11:29:10'),
('TEMP640875782952062976','TEMP640875780695527424','/template/**',1,1,1,'脚手架服务项目','2019-11-04 11:31:33');



insert  into `app_token`(`id`,`app_id`,`access_token`,`token_available_time`,`status`,`create_time`) values
(61,'JOB0640875180528373760','641309075992350720',600,1,'2019-11-05 16:13:19'),
(62,'JOB0640875180528373760','641310835054088192',600,1,'2019-11-05 16:20:18'),
(63,'JOB0640875180528373760','641310836786335744',-1,2,'2019-11-05 16:20:18'),
(64,'JOB0640875180528373760','641687663354712064',600,1,'2019-11-06 17:17:41'),
(65,'JOB0640875180528373760','641687664751415296',7200,0,'2019-11-06 17:17:41'),
(66,'JOB0640875180528373760','641688047922057216',600,1,'2019-11-06 17:19:13'),
(67,'JOB0640875180528373760','641699326783000576',-1,2,'2019-11-06 18:04:02'),
(68,'JOB0640875180528373760','648934185280606208',600,1,'2019-11-26 17:12:46'),
(69,'JOB0640875180528373760','648934189562990592',-1,2,'2019-11-26 17:12:47'),
(70,'JOB0640875180528373760','649202803209801728',600,1,'2019-11-27 11:00:10'),
(71,'JOB0640875180528373760','649202806091288576',600,1,'2019-11-27 11:00:10'),
(72,'JOB0640875180528373760','649202976531025920',600,1,'2019-11-27 11:00:51'),
(73,'JOB0640875180528373760','649215678259269632',-1,2,'2019-11-27 11:51:19'),
(74,'JOB0640875180528373760','649248938230157312',600,1,'2019-11-27 14:03:29'),
(75,'JOB0640875180528373760','649248939681386496',600,1,'2019-11-27 14:03:30'),
(76,'JOB0640875180528373760','649251278081363968',600,1,'2019-11-27 14:12:47'),
(77,'JOB0640875180528373760','649252897174982656',600,1,'2019-11-27 14:19:13'),
(78,'JOB0640875180528373760','649281233238495232',600,1,'2019-11-27 16:11:49'),
(79,'JOB0640875180528373760','649281528970481664',600,1,'2019-11-27 16:12:59'),
(80,'JOB0640875180528373760','649281715893833728',600,1,'2019-11-27 16:13:44'),
(81,'JOB0640875180528373760','649282268153647104',600,1,'2019-11-27 16:15:56'),
(82,'JOB0640875180528373760','649284927925391360',600,1,'2019-11-27 16:26:30'),
(83,'JOB0640875180528373760','649284929909297152',7200,0,'2019-11-27 16:26:30'),
(84,'JOB0640875180528373760','649284977086828544',600,1,'2019-11-27 16:26:42'),
(85,'JOB0640875180528373760','649284978236067840',600,1,'2019-11-27 16:26:42'),
(86,'JOB0640875180528373760','649285099279486976',600,1,'2019-11-27 16:27:11'),
(87,'JOB0640875180528373760','649285100286119936',7200,0,'2019-11-27 16:27:11'),
(88,'JOB0640875180528373760','649286303283810304',600,1,'2019-11-27 16:31:58'),
(89,'JOB0640875180528373760','649286304407883776',600,1,'2019-11-27 16:31:58'),
(90,'JOB0640875180528373760','649286878759096320',-1,2,'2019-11-27 16:34:15'),
(91,'JOB0640875180528373760','649286879866392576',7200,0,'2019-11-27 16:34:15'),
(92,'JOB0640875180528373760','649289642348253184',600,1,'2019-11-27 16:45:14'),
(93,'JOB0640875180528373760','649289644445405184',600,1,'2019-11-27 16:45:14'),
(94,'JOB0640875180528373760','649289867859202048',600,1,'2019-11-27 16:46:08'),
(95,'JOB0640875180528373760','649289868932943872',7200,0,'2019-11-27 16:46:08'),
(96,'JOB0640875180528373760','649291470003638272',600,1,'2019-11-27 16:52:30'),
(97,'JOB0640875180528373760','649296467269390336',600,1,'2019-11-27 17:12:21'),
(98,'JOB0640875180528373760','649296515017347072',-1,2,'2019-11-27 17:12:32'),
(99,'JOB0640875180528373760','650012105801601024',600,1,'2019-11-29 16:36:03'),
(100,'JOB0640875180528373760','650012193366085632',600,1,'2019-11-29 16:36:23'),
(101,'JOB0640875180528373760','650012252862287872',600,1,'2019-11-29 16:36:38'),
(102,'JOB0640875180528373760','650013051113836544',600,1,'2019-11-29 16:39:48'),
(103,'JOB0640875180528373760','650013535782440960',-1,2,'2019-11-29 16:41:44'),
(104,'JOB0640875180528373760','650398043463618560',600,1,'2019-11-30 18:09:37'),
(105,'JOB0640875180528373760','650398112984207360',600,1,'2019-11-30 18:09:54'),
(106,'JOB0640875180528373760','650405840410513408',600,1,'2019-11-30 18:40:36'),
(107,'JOB0640875180528373760','650408288990662656',600,1,'2019-11-30 18:50:20'),
(108,'JOB0640875180528373760','650408427536912384',600,1,'2019-11-30 18:50:53'),
(109,'JOB0640875180528373760','650408836561244160',-1,2,'2019-11-30 18:52:31'),
(110,'JOB0640875180528373760','650786384713486336',600,1,'2019-12-01 19:52:45'),
(111,'JOB0640875180528373760','650787454567190528',600,1,'2019-12-01 19:57:00'),
(112,'JOB0640875180528373760','650797749163397120',600,1,'2019-12-01 20:37:55'),
(113,'JOB0640875180528373760','650798003271110656',600,1,'2019-12-01 20:38:55'),
(114,'JOB0640875180528373760','650798595297120256',600,1,'2019-12-01 20:41:16'),
(115,'JOB0640875180528373760','650799517033172992',600,1,'2019-12-01 20:44:56'),
(116,'JOB0640875180528373760','650800743758041088',600,1,'2019-12-01 20:49:49'),
(117,'JOB0640875180528373760','650810905646469120',-1,2,'2019-12-01 21:30:11'),
(118,'JOB0640875180528373760','651186325969571840',600,1,'2019-12-02 22:21:58'),
(119,'JOB0640875180528373760','651187420158627840',600,1,'2019-12-02 22:26:19'),
(120,'JOB0640875180528373760','651188897681903616',600,1,'2019-12-02 22:32:12'),
(121,'JOB0640875180528373760','651190389537116160',600,1,'2019-12-02 22:38:07'),
(122,'JOB0640875180528373760','651195959119843328',600,1,'2019-12-02 23:00:15'),
(123,'JOB0640875180528373760','651196178582605824',600,1,'2019-12-02 23:01:08'),
(124,'JOB0640875180528373760','651196369557655552',-1,2,'2019-12-02 23:01:53'),
(125,'JOB0640875180528373760','651455593487405056',600,1,'2019-12-03 16:11:57'),
(126,'JOB0640875180528373760','651457788836450304',600,1,'2019-12-03 16:20:40'),
(127,'JOB0640875180528373760','651458023352569856',600,1,'2019-12-03 16:21:36'),
(128,'JOB0640875180528373760','651458134346436608',600,1,'2019-12-03 16:22:03'),
(129,'JOB0640875180528373760','651458559527227392',600,1,'2019-12-03 16:23:44'),
(130,'JOB0640875180528373760','651459438607208448',600,1,'2019-12-03 16:27:14'),
(131,'JOB0640875180528373760','651459865079844864',600,1,'2019-12-03 16:28:55'),
(132,'JOB0640875180528373760','651460432221048832',600,1,'2019-12-03 16:31:10'),
(133,'JOB0640875180528373760','651460701709275136',600,1,'2019-12-03 16:32:15'),
(134,'JOB0640875180528373760','651461029968089088',600,1,'2019-12-03 16:33:33'),
(135,'JOB0640875180528373760','651461761093996544',600,1,'2019-12-03 16:36:27'),
(136,'JOB0640875180528373760','651461975561342976',600,1,'2019-12-03 16:37:18'),
(137,'JOB0640875180528373760','651462348917313536',600,1,'2019-12-03 16:38:47'),
(138,'JOB0640875180528373760','651463757888884736',600,1,'2019-12-03 16:44:23'),
(139,'JOB0640875180528373760','651464941672468480',600,1,'2019-12-03 16:49:06'),
(140,'JOB0640875180528373760','651465528652730368',600,1,'2019-12-03 16:51:26'),
(141,'JOB0640875180528373760','651465594729795584',600,1,'2019-12-03 16:51:41'),
(142,'JOB0640875180528373760','651466324106678272',600,1,'2019-12-03 16:54:35'),
(143,'JOB0640875180528373760','651466432118394880',600,1,'2019-12-03 16:55:01'),
(144,'JOB0640875180528373760','651466483276320768',600,1,'2019-12-03 16:55:13'),
(145,'JOB0640875180528373760','651466681411047424',600,1,'2019-12-03 16:56:00'),
(146,'JOB0640875180528373760','651466731411345408',600,1,'2019-12-03 16:56:12'),
(147,'JOB0640875180528373760','651466780094631936',600,1,'2019-12-03 16:56:24'),
(148,'JOB0640875180528373760','651466908213841920',600,1,'2019-12-03 16:56:55'),
(149,'JOB0640875180528373760','651468749983059968',600,1,'2019-12-03 17:04:14'),
(150,'JOB0640875180528373760','651469945393254400',600,1,'2019-12-03 17:08:59'),
(151,'JOB0640875180528373760','651470314433286144',600,1,'2019-12-03 17:10:27'),
(152,'JOB0640875180528373760','651470808249667584',600,1,'2019-12-03 17:12:24'),
(153,'JOB0640875180528373760','651472014699270144',600,1,'2019-12-03 17:17:12'),
(154,'JOB0640875180528373760','651474757748920320',600,1,'2019-12-03 17:28:06'),
(155,'JOB0640875180528373760','651474897704456192',600,1,'2019-12-03 17:28:39'),
(156,'JOB0640875180528373760','651476144905916416',600,1,'2019-12-03 17:33:37'),
(157,'JOB0640875180528373760','651476433532751872',600,1,'2019-12-03 17:34:46'),
(158,'JOB0640875180528373760','651476705789218816',600,1,'2019-12-03 17:35:50'),
(159,'JOB0640875180528373760','651476818762797056',600,1,'2019-12-03 17:36:17'),
(160,'JOB0640875180528373760','651477061684301824',600,1,'2019-12-03 17:37:15'),
(161,'JOB0640875180528373760','651479504363065344',600,1,'2019-12-03 17:46:58'),
(162,'JOB0640875180528373760','651479860161679360',600,1,'2019-12-03 17:48:22'),
(163,'JOB0640875180528373760','651480118010712064',600,1,'2019-12-03 17:49:24'),
(164,'JOB0640875180528373760','651480168753401856',600,1,'2019-12-03 17:49:36'),
(165,'JOB0640875180528373760','651481784235724800',600,1,'2019-12-03 17:56:01'),
(166,'JOB0640875180528373760','651481905534996480',600,1,'2019-12-03 17:56:30'),
(167,'JOB0640875180528373760','651481920609325056',600,1,'2019-12-03 17:56:34'),
(168,'JOB0640875180528373760','651481987487502336',600,1,'2019-12-03 17:56:50'),
(169,'JOB0640875180528373760','651482354547822592',600,1,'2019-12-03 17:58:17'),
(170,'JOB0640875180528373760','651483270642536448',600,1,'2019-12-03 18:01:56'),
(171,'JOB0640875180528373760','651483317576798208',600,1,'2019-12-03 18:02:07'),
(172,'JOB0640875180528373760','651483390016622592',600,1,'2019-12-03 18:02:24'),
(173,'JOB0640875180528373760','651483716958425088',-1,2,'2019-12-03 18:03:42'),
(174,'JOB0640875180528373760','651541449271283712',600,1,'2019-12-03 21:53:06'),
(175,'JOB0640875180528373760','651541705161576448',600,1,'2019-12-03 21:54:07'),
(176,'JOB0640875180528373760','651541888649793536',600,1,'2019-12-03 21:54:51'),
(177,'JOB0640875180528373760','651542156074422272',600,1,'2019-12-03 21:55:55'),
(178,'JOB0640875180528373760','651542370877313024',600,1,'2019-12-03 21:56:46'),
(179,'JOB0640875180528373760','651542462556409856',600,1,'2019-12-03 21:57:08'),
(180,'JOB0640875180528373760','651542529837240320',600,1,'2019-12-03 21:57:24'),
(181,'JOB0640875180528373760','651543710173106176',600,1,'2019-12-03 22:02:05'),
(182,'JOB0640875180528373760','651543792452767744',600,1,'2019-12-03 22:02:25'),
(183,'JOB0640875180528373760','651543880990330880',600,1,'2019-12-03 22:02:46'),
(184,'JOB0640875180528373760','651544462236979200',600,1,'2019-12-03 22:05:05'),
(185,'JOB0640875180528373760','651546177627623424',600,1,'2019-12-03 22:11:54'),
(186,'JOB0640875180528373760','651546231155331072',600,1,'2019-12-03 22:12:07'),
(187,'JOB0640875180528373760','651546282615246848',600,1,'2019-12-03 22:12:19'),
(188,'JOB0640875180528373760','651547150085394432',600,1,'2019-12-03 22:15:46'),
(189,'JOB0640875180528373760','651547676197916672',600,1,'2019-12-03 22:17:51'),
(190,'JOB0640875180528373760','651548942923862016',600,1,'2019-12-03 22:22:53'),
(191,'JOB0640875180528373760','651554333493694464',600,1,'2019-12-03 22:44:18'),
(192,'JOB0640875180528373760','651554613157302272',600,1,'2019-12-03 22:45:25'),
(193,'JOB0640875180528373760','651554694166089728',600,1,'2019-12-03 22:45:44'),
(194,'JOB0640875180528373760','651554747396001792',600,1,'2019-12-03 22:45:57'),
(195,'JOB0640875180528373760','651555207012028416',600,1,'2019-12-03 22:47:47'),
(196,'JOB0640875180528373760','651555829211860992',600,1,'2019-12-03 22:50:15'),
(197,'JOB0640875180528373760','651560391129829376',-1,2,'2019-12-03 23:08:23'),
(198,'JOB0640875180528373760','651730903697068032',600,1,'2019-12-04 10:25:56'),
(199,'JOB0640875180528373760','651730958835388416',600,1,'2019-12-04 10:26:09'),
(200,'JOB0640875180528373760','651730999906013184',600,1,'2019-12-04 10:26:19'),
(201,'JOB0640875180528373760','651731048367001600',600,1,'2019-12-04 10:26:30'),
(202,'JOB0640875180528373760','651731094772781056',600,1,'2019-12-04 10:26:41'),
(203,'JOB0640875180528373760','651731592934461440',600,1,'2019-12-04 10:28:40'),
(204,'JOB0640875180528373760','651742101595361280',600,1,'2019-12-04 11:10:26'),
(205,'JOB0640875180528373760','651742375466635264',600,1,'2019-12-04 11:11:31'),
(206,'JOB0640875180528373760','651744842883403776',-1,2,'2019-12-04 11:21:19'),
(207,'JOB0640875180528373760','651831325099167744',600,1,'2019-12-04 17:04:58'),
(208,'JOB0640875180528373760','651834553169743872',600,1,'2019-12-04 17:17:48'),
(209,'JOB0640875180528373760','651834653900148736',600,1,'2019-12-04 17:18:12'),
(210,'JOB0640875180528373760','651834727552126976',600,1,'2019-12-04 17:18:29'),
(211,'JOB0640875180528373760','651835056859516928',600,1,'2019-12-04 17:19:48'),
(212,'JOB0640875180528373760','651835174841094144',600,1,'2019-12-04 17:20:16'),
(213,'JOB0640875180528373760','651843086003081216',600,1,'2019-12-04 17:51:42'),
(214,'JOB0640875180528373760','651843450651676672',600,1,'2019-12-04 17:53:09'),
(215,'JOB0640875180528373760','651843825765060608',600,1,'2019-12-04 17:54:39'),
(216,'JOB0640875180528373760','651844322311933952',600,1,'2019-12-04 17:56:37'),
(217,'JOB0640875180528373760','651844734674931712',600,1,'2019-12-04 17:58:15'),
(218,'JOB0640875180528373760','651845926469636096',-1,2,'2019-12-04 18:02:59'),
(219,'JOB0640875180528373760','651905074095853568',600,1,'2019-12-04 21:58:01'),
(220,'JOB0640875180528373760','651905660044316672',600,1,'2019-12-04 22:00:21'),
(221,'JOB0640875180528373760','651907704188702720',600,1,'2019-12-04 22:08:28'),
(222,'JOB0640875180528373760','651908820892782592',600,1,'2019-12-04 22:12:55'),
(223,'JOB0640875180528373760','651909805488869376',600,1,'2019-12-04 22:16:49'),
(224,'JOB0640875180528373760','651910459661881344',600,1,'2019-12-04 22:19:25'),
(225,'JOB0640875180528373760','651910573981831168',600,1,'2019-12-04 22:19:53'),
(226,'JOB0640875180528373760','651911225113972736',600,1,'2019-12-04 22:22:28'),
(227,'JOB0640875180528373760','651911626055880704',600,1,'2019-12-04 22:24:04'),
(228,'JOB0640875180528373760','651913364645220352',600,1,'2019-12-04 22:30:58'),
(229,'JOB0640875180528373760','651913546740928512',600,1,'2019-12-04 22:31:41'),
(230,'JOB0640875180528373760','651913908549980160',600,1,'2019-12-04 22:33:08'),
(231,'JOB0640875180528373760','651913993824374784',600,1,'2019-12-04 22:33:28'),
(232,'JOB0640875180528373760','651914416467611648',600,1,'2019-12-04 22:35:09'),
(233,'JOB0640875180528373760','651914635091513344',-1,2,'2019-12-04 22:36:01'),
(234,'JOB0640875180528373760','652288904115916800',600,1,'2019-12-05 23:23:14'),
(235,'JOB0640875180528373760','652289569865207808',600,1,'2019-12-05 23:25:52'),
(236,'JOB0640875180528373760','652289704489783296',600,1,'2019-12-05 23:26:24'),
(237,'JOB0640875180528373760','652290305432883200',600,1,'2019-12-05 23:28:48'),
(238,'JOB0640875180528373760','652290423838085120',600,1,'2019-12-05 23:29:16'),
(239,'JOB0640875180528373760','652290584568008704',600,1,'2019-12-05 23:29:54'),
(240,'JOB0640875180528373760','652290704227307520',600,1,'2019-12-05 23:30:23'),
(241,'JOB0640875180528373760','652291123594792960',600,1,'2019-12-05 23:32:03'),
(242,'JOB0640875180528373760','652291265588760576',600,1,'2019-12-05 23:32:37'),
(243,'JOB0640875180528373760','652291330801799168',600,1,'2019-12-05 23:32:52'),
(244,'JOB0640875180528373760','652292162712637440',600,1,'2019-12-05 23:36:10'),
(245,'JOB0640875180528373760','652292305310584832',-1,2,'2019-12-05 23:36:44'),
(246,'JOB0640875180528373760','652440823539044352',600,1,'2019-12-06 09:26:54'),
(247,'JOB0640875180528373760','652440946113384448',600,1,'2019-12-06 09:27:23'),
(248,'JOB0640875180528373760','652441125910614016',600,1,'2019-12-06 09:28:06'),
(249,'JOB0640875180528373760','652441338305974272',600,1,'2019-12-06 09:28:57'),
(250,'JOB0640875180528373760','652441398922055680',600,1,'2019-12-06 09:29:11'),
(251,'JOB0640875180528373760','652442971962216448',600,1,'2019-12-06 09:35:26'),
(252,'JOB0640875180528373760','652443080192036864',600,1,'2019-12-06 09:35:52'),
(253,'JOB0640875180528373760','652443276162502656',600,1,'2019-12-06 09:36:39'),
(254,'JOB0640875180528373760','652457008926167040',600,1,'2019-12-06 10:31:13'),
(255,'JOB0640875180528373760','652457363290329088',600,1,'2019-12-06 10:32:37'),
(256,'JOB0640875180528373760','652459102345236480',600,1,'2019-12-06 10:39:32'),
(257,'JOB0640875180528373760','652459145768865792',600,1,'2019-12-06 10:39:42'),
(258,'JOB0640875180528373760','652461637541957632',600,1,'2019-12-06 10:49:36'),
(259,'JOB0640875180528373760','652461994192015360',600,1,'2019-12-06 10:51:01'),
(260,'JOB0640875180528373760','652462176170283008',600,1,'2019-12-06 10:51:45'),
(261,'JOB0640875180528373760','652462350787547136',600,1,'2019-12-06 10:52:27'),
(262,'JOB0640875180528373760','652464414095708160',600,1,'2019-12-06 11:00:38'),
(263,'JOB0640875180528373760','652464588792664064',600,1,'2019-12-06 11:01:20'),
(264,'JOB0640875180528373760','652464745672216576',7200,0,'2019-12-06 11:01:57');



insert  into `app_version_map`(`id`,`app_id`,`version_no`,`path`,`map_path`,`description`,`create_time`) values
('AUTH640873751524806656','AUTH640873748718817280','1.0','/','/','平台认证服务','2019-11-04 11:23:28'),
('JOB0640875184265498624','JOB0640875180528373760','1.0','/','/','任务调度服务','2019-11-04 11:29:10'),
('TEMP640875782759124992','TEMP640875780695527424','1.0','/','/','脚手架服务项目','2019-11-04 11:31:33');


insert  into `route`(`id`,`path`,`service_id`,`url`,`ribbon_url`,`retryable`,`strip_prefix`,`enabled`,`description`) values
('auth-basic-server','/auth/**','auth-basic-server',NULL,NULL,0,1,1,'平台认证服务'),
('job-server','/job/**','job-server',NULL,NULL,0,0,1,'任务调度服务'),
('template-server','/template/**','template-server',NULL,NULL,0,1,1,'脚手架服务项目');
